{
  "version": "v4",
  "repo": "borisyankov/DefinitelyTyped",
  "ref": "master",
  "path": "typings",
  "bundle": "typings/tsd.d.ts",
  "installed": {
    "angularjs/angular.d.ts": {
      "commit": "7a3ca1f0b8a0960af9fc1838f3234cc9d6ce0645"
    },
    "jquery/jquery.d.ts": {
      "commit": "7a3ca1f0b8a0960af9fc1838f3234cc9d6ce0645"
    },
    "bootstrap/bootstrap.d.ts": {
      "commit": "9c7621153358a6e51ec1ad5e822697b5aba3875a"
    },
    "angular-ui-router/angular-ui-router.d.ts": {
      "commit": "b3aeee64552e324581fdbe0926f4a96e981e451b"
    },
    "ng-file-upload/ng-file-upload.d.ts": {
      "commit": "7a3ca1f0b8a0960af9fc1838f3234cc9d6ce0645"
    },
    "angular-file-upload/angular-file-upload.d.ts": {
      "commit": "7a3ca1f0b8a0960af9fc1838f3234cc9d6ce0645"
    }
  }
}
